id,date
Alice Williams,2024-07-14 21:18:12
Grace Brown,2024-07-14 21:18:44
Emma Davis,2024-07-14 21:18:50
Alice Williams,2024-07-14 21:18:55
Bob Smith,2024-07-14 21:19:00
Charlie Johnson,2024-07-14 21:19:05
Henry Williams,2024-07-14 22:45:32
Henry Williams,2024-07-14 22:45:48
Henry Williams,2024-07-14 22:47:09
Henry Williams,2024-07-14 22:47:44
Henry Williams,2024-07-14 23:00:17
Henry Williams,2024-07-14 23:00:19
Charlie Miller,2024-07-15 00:00:14
Bob Wilson,2024-07-15 00:00:18
Charlie Smith,2024-07-15 00:00:24
David Davis,2024-07-15 00:00:30
Frank Jones,2024-07-15 00:00:34
Henry Miller,2024-07-15 00:00:38
Henry Jones,2024-07-15 00:00:42
Emma Miller,2024-07-15 00:00:45
Emma Davis,2024-07-15 00:00:51
Charlie Williams,2024-07-15 00:00:56
David Johnson,2024-07-15 00:01:00
Henry Johnson,2024-07-15 00:01:05
David Johnson,2024-07-15 00:01:09
Emma Brown,2024-07-15 00:01:13
Bob Williams,2024-07-15 00:01:17
Frank Miller,2024-07-15 00:01:20
Frank Johnson,2024-07-15 00:01:24
Charlie Williams,2024-07-15 00:01:28
Henry Miller,2024-07-15 00:01:33
Frank Williams,2024-07-15 01:08:41
Charlie Miller,2024-07-15 01:21:20
Grace Smith,2024-07-15 01:33:01
Henry Jones,2024-07-15 02:12:02
Henry Jones,2024-07-15 02:12:04
